Name,Address 1,Address 2,City,State,Zip,Amount
Alabama Department of Revenue,PO Box 327320,,Montgomery,AL,36132-7320,0.00
"City of Kansas City, MO - Revenue Divisi",PO Box 843322,,Kansas City,MO,64184,0.00
City of Toledo Income Tax,PO Box 929,,Toledo,OH,43697,0.00
Douglas County Treasurer,411 N 84th Street #101,,Omaha,NE,68114,0.00
Georgia Department of Revenue,PO Box 740397,,Atlanta,GA,30374,0.00
Iowa Department of Revenue,PO Box 10466,,Des Moines,IA,50306,0.00
Kansas Department of Revenue,PO Box 750260,,Topeka,KS,66699,0.00
Louisiana Department of Revenue,PO Box 91011,,Baton Rouge,LA,70821,0.00
Minnesota Department of Revenue,600 N Robert Street,,Saint Paul,MN,55146,0.00
Missouri Department of Revenue,PO Box 336,,Jefferson City,MO,65105,0.00
Nebraska Department of Revenue,PO Box 98934,,Lincoln,NE,68509,0.00
Ohio Department of Revenue,PO Box 181140,,Columbus,OH,43218,0.00
Ohio Department of Taxation,PO Box 2678,,Columbus,OH,43216,0.00
Oklahoma Department of Revenue,PO Box 26850,,Oklahoma City,OK,73126,0.00
"St. Louis County, MN Auditor",100 N. 5th Ave. W,Room 214,Duluth,MN,55802,0.00
Tennessee Department of Revenue,500 Deaderick Street,,Nashville,TN,37242,0.00
Texas Department of Revenue,PO Box 149348,,Austin,TX,78714,0.00
"Treasurer of Douglas County, WI","1313 Belknap St., Rm 102",,Superior,WI,54880,0.00
"Treasurer of Harris County, TX",PO Box 3547,,Houston,TX,77253,0.00
"Treasurer of Saline County, KS",PO Box 5040,Room 214,Salina,KS,67402,0.00
Unified Government Treasury,PO Box 175013,,Kansas City,KS,66101,0.00
Wisconsin Department of Revenue,PO Box 8908,,Madison,WI,53708,0.00
3F Trucking LLC,PO Box 767,,Perryton,TX,79070,636.06
4 Star Logistics LLC  FBO,4 Star Logistics LLC PO BOX 3474,,Omaha,NE,68103,0.00
402 Protection Group LLC,1070 James Drive,,Blair,NE,68008-1258,0.00
UNKNOWN,,,41 Millwright Services LLC 2023 West 35th Street Kearney,NE,68845,"23,979.97"
4H Trucking LLC,1406 Maple Ave,,Guymon,OK,73942,"1,352.82"
4L Trucking LLC,FBO 4L Trucking LLC PO Box 3474,,Omaha,NE,68103,0.00
4W Inc.,,,"193 Ray Street, Unit L Garfield",NJ,07026-3663,"1,640.00"
8 Day Ranch LLC,30171 County Road 75,,Crook,CO,80726,612.33
A,2 B Woods Inc. 1409 E 36th Street S,,Independence,MO,64055,153.25
A&E LLC dba Walmsley Transport,501 E 69th Street N,,Wichita,KS,67219,477.03
Able Transport Solutions,7315 Maple Street,,Omaha,NE,68134,"5,998.00"
Access,PO Box 850416,,Minneapolis,MN,55485,562.91
Access,PO Box 850416,,Minneapolis,MN,55485,562.91
Ace Diversified Services LLC,1750 Trade Road,,Holland,OH,43528,156.24
Acme Tools - Duluth,4332 Grand Ave,,Duluth,MN,55807-2738,"4,709.00"
ADM Benson-Quinn Co.,"121 South 85th Street, Ste. 1700",,Minneapolis,MN,55402,"23,013.99"
ADM Export Containers,PO Box 1470,,Decatur,IL,62525,"4,423.09"
ADM Grain,,,8000 W. 110th Street Overland Park,KS,66210,"9,762.35"
ADP Screening and Selection Services,PO Box 645177,,Cincinnati,OH,45264-5177,107.17
Ag Choice - Emporia,302 Oak Street,,Emporia,KS,66801,"94,285.44"
AG Processing Inc. SDS 12-1212,,,Minneapolis,MN,55497-1212,"8,561.10"
Ag State Box 60,,,Cherokee,IA,51012,"54,122.36"
Ag Valley Coop-Edison,PO Box 68,,Edison,NE,68936-0068,0.00
Agassiz Water Users District,PO Box 185,,Gilby,ND,58235,133.51
Agmark LLC,118 W Main,,Beloit,KS,67420,0.00
Agmark LLC,118 W Main,,Beloit,KS,67420,"2,097,148.12"
Agrex,PO Box 447,,Superior,NE,68978,"199,771.56"
Agrex,605 Hwy 169N,,Minneapolis,MN,55441,"55,021.66"
UNKNOWN,,,Agrilogistics Inc. 32596 W. 111th Street Olathe,KS,66061,"1,760.00"
UNKNOWN,,,Agro. Club USA LLC 420 Nichols Road Kansas City,MO,64112,"44,623.06"
AHT Transport LLC,PO Box 488,,Galva,KS,67443,0.00
AITX Leasing LLC,PO Box 954374,,Earth City,MO,63045,"79,682.17"
AKA Farms,608 FM 2268,,Holland,TX,76534,0.00
AKA Farms,608 FM 2268,,Holland,TX,76534,"17,662.01"
Alabama Dept. of Agriculture,Ag & Industries - Audits & Reports 1445 Federal Drive,,Montgomery,AL,36107-1123,0.00
UNKNOWN,,,Albert Lee Trucking LLC MD 1711 Jackson Avenue Yazoo City,MS,39194,592.24
Alex Heimes Hauling LLC 16010 72nd Street,,,Plattsmouth,NE,68048,370.95
Alexander Inc. 40471 170th SW,,,East Grand Forks,MN,56721,"22,477.42"
"Alliance Ag & Grain, LLC",313 N. Main,,Spearville,KS,67876,194.67
"Alliance Ag & Grain, LLC",313 N. Main,,Spearville,KS,67876,"1,065,342.50"
"Allied Feeds, Inc.",4542 Rigsby Ave,,San Antonio,TX,78222,0.00
Almena Agri Service Inc. Box 98,,,Almena,KS,67622,"53,924.01"
Almost Home Trucking LLC,FBO Almost Home Trucking LLC PO Box 3474,,Omaha,NE,68103,772.08
"AMS Trucking, LLC",,,2864 Saint Lawrence Road Flinton,PA,16640,"1,533.35"
UNKNOWN,,,Anderson Trade Group 10975 Benson St #40 Overland Park,KS,66210,"23,472.94"
Andrew Gettys,1763 Solamere Court,,Auburn,AL,36832,"18,611.50"
Andrew J Stoskopf Trucking Inc.,PO Box 23,,Warroad,MN,56763,"7,834.53"
Anton Coop Elevator Ltd.,PO Box 49,,Anton,CO,80801,"371,960.43"
"AOR Waterfront Security, LLC",611 South Lake Drive,,Shell Lake,WI,54871,"3,826.96"
Arends Livestock Trucking Inc.,PO Box 217,,Little Rock,IA,51243,832.21
Arkansas Dept. of Agriculture Attn: Feed Section,,,1 Natural Resources Dr. Little Rock,AR,72205,0.00
Armada Grain Company,73180 Fulton St,PO Box 918,Armada,MI,48005,0.00
UNKNOWN,,,Arnett Logistics LLC 11701 LaMonte Road La Monte,MO,65337,0.00
ARW Farms LLC,1003 W 5 Road,,Giltner,NE,68841,0.00
ARW Farms LLC,1003 W 5 Road,,Giltner,NE,68841,"45,062.20"
AT&T,PO Box 6463,,Carol Stream,IL,60197-6463,0.00
UNKNOWN,,,Atkinson Planting Co 370 Oak Valley Road Yazoo City,MS,39194,0.00
UNKNOWN,,,Atkinson Planting Co 370 Oak Valley Road Yazoo City,MS,39194,"270,308.18"
Atlas Oil Company,PO Box 936859,,Atlanta,GA,31193-6859,"1,033.60"
Austin Collins Farms,269 Montrose Road,,Tallulah,LA,71282,"205,165.85"
Aviagen Inc.,,,920 Explorer Blvd NW Huntsville,AL,35806,0.00
UNKNOWN,,,B & D Land Development 1104 2nd Avenue Council Bluffs,IA,51501,0.00
B & N Farms Partnership,1987 Hwy 603,,Tallulah,LA,71282,"58,920.46"
B&B Redimix Inc. 1873 1st Street,,,Phillipsburg,KS,67661,660.25
B&S Logistics LLC,238 Co. Road 435,,Jonesboro,TX,76538,0.00
Bartlett Coop Association,401 Main Street,,Bartlett,KS,67332,"4,442.13"
Bauer Farms LLC 10888 309th Avenue,,,Herreid,SD,57632,328.74
Baugher Farms,20000 Kiowa Road,,Parsons,KS,67357,"6,257.52"
BB Dszepanski LP,PO Box 501,,Stephen,MN,56757,"66,628.44"
Beachner Grain Inc.,2600 Flynn Drive,,Parsons,KS,67357,"225,800.23"
Beakley Farms,817 Basinger Road,,Ennis,TX,75119,"58,552.35"
UNKNOWN,,,"Belgrade, LLC 3025 S 87th Street Omaha",NE,68124,"2,206.38"
UNKNOWN,,,"Belgrade, LLC 3025 S 87th Street Omaha",NE,68124,"1,103.19"
Ben Looney,16810 Bama Road,,Athens,AL,35611,"295,686.95"
Bennett Haines,104 Georgia Drive,,Gregory,SD,57533,0.00
UNKNOWN,,,Benson Electric Company 1102 North Third Street Superior,WI,54880,"39,459.65"
Big Bear Farms 1471 33rd SE,,,Baudette,MN,56623,"66,173.60"
Big Beaver Trucking LLC,PO Box 471,,Comanche,OK,73529,0.00
"Big V Feeds, Inc.",1621 E Electric PO Bo x943,,McAlester,OK,74501,0.00
Bill Haines,27908 335th Avenue,,Dallas,SD,57529,0.00
Binkelman,,,828 Van Camp Road Bowling Green,OH,43402,"10,584.45"
Bixenman Brothers,12515 S Road 50 W,,Grainfield,KS,67737,"198,242.15"
UNKNOWN,,,BJ Dockins Trucking LLC 905 N Grossman St Seymour,TX,76380,0.00
Blackshirt Feeders,PO Box 26,,Haigler,NE,69030,0.00
Blake Ducote,,,13574 Kings Court Ave Baton Rouge,LA,70810,"1,084.64"
Blawat Farm Ptr 18496 260th Street,,,Greenbush,MN,56726,"63,546.76"
Blumer Trucking Co Rt 2,,,Marysville,KS,66508,766.10
Blythe Cotton Company,PO Box B,,Courtland,AL,35618,"8,823.66"
Blytheco,530 Technology Drive Suite 100,,Irvine,CA,92618,0.00
BNSF Rail,PO Box 676160,,Chicago,IL,60693-0082,0.00
BNSF Railway Company,3110 Solutions Center,,Chicago,IL,60677-3001,0.00
Board of Trade Management,1700 E. Iron,,Salina,KS,67402,0.00
Bobcat of Duluth,,,4610 W. Arrowhead Rd. Duluth,MN,55811,0.00
Bobcat of Pittsburgh,PO Box 644405,,Pittsburgh,PA,15264-4405,0.00
Bonifas Agri Inc.,,,10300 S Prosser Avenue Roseland,NE,68973,"88,583.85"
Boutain Farms,,,36402 195th Street NE Goodridge,MN,56725,"85,204.35"
Boyd Farms Joint Venture,PO Box 58,,Sandhill,MS,39161,"22,980.70"
Brad Banks Farm,2838 Hwy 577,,Winnsboro,LA,71295,0.00
UNKNOWN,,,"Brad Cummings LLC 507 7th Street, Suite 600 Sioux City",IA,51101,0.00
Brad Kotrous Trucking,306 N 5th Street,,Page,NE,68766,0.00
Brad Ward,,,13852 Old Stage Road Atmore,AL,36502,"234,586.56"
Brian Hornung,,,29477 County Road W Stratton,CO,80836,"61,673.90"
Brian Lee,663 NW 325 Road,,Centerview,MO,64019,"5,384.01"
Brian Lundeen,,,18623 120th Street NE Thief River Falls,MN,56701,"28,691.64"
Brian Schafer,72503 Rd 372,,Culbertson,NE,69024,0.00
Brian Schafer,72503 Rd 372,,Culbertson,NE,69024,"353,174.78"
Bridge Street Farms Inc.,PO Box 829,,Lakeview,CA,92567,0.00
Brooklere,3116 Hillcrest Trace,,Adamsville,AL,35005,0.00
UNKNOWN,,,Brookover Feedyard 50 Grandview Drive Garden City,KS,67846,0.00
UNKNOWN,,,Bruening Trucking 3629 Pawnee Place Sioux City,IA,51104,157.60
Bruning Grain & Feed,PO Box 67,,Bruning,NE,68322,0.00
Bruning Grain & Feed,PO Box 67,,Bruning,NE,68322,"37,577.58"
Bryant Grain,PO Box 596,,Aledo,TX,76008,0.00
Buck & Knobby Equipment Company,6220 Sterns Rd,,Ottawa Lake,MI,49267,"7,053.24"
Buck Harris Plumbing Co.,267 Ollie Road,,Cruger,MS,38924,"47,737.22"
Buckeroo Express LLC,FBO Buckeroo Express LLC PO Box 3474,,Omaha,NE,68103-0474,0.00
Budkley Bros Inc,PO Box 845,320 East Main,Wilmington,OH,45177,0.00
Bur-Trans Inc.,1522 Atwood Road,,Moravia,NY,13118,"1,365.60"
Bures Farms,1210 S 3rd,,Ganado,TX,77962,"138,086.85"
Burkel Bulk LLC,PO Box 466,,Frazee,MN,56544,0.00
Butch Farms,2557 Hwy 471,,Brandon,MS,39047,"25,944.17"
UNKNOWN,,,Byline Financial Group Accounts Receivable - Bin 88205 Milwaukee,WI,53288-8205,0.00
UNKNOWN,,,Byline Financial Group Accounts Receivable - Bin 88205 Milwaukee,WI,53288-8205,0.00
C & A Scale Service,,,25300 Old Lincoln Highway Honey Creek,IA,51542,0.00
C Carlson Inc DBA Carlson Trucking 912 1st St N,,,Humboldt,IA,50548,378.45
C&K Trucking,2585 Nickel Road,,Cuba,KS,66940-8001,0.00
C&M Meyer Trucking LLC  FBO C&M Meyer Trucking LLC,PO Box 3474,,Omaha,NE,68103,"1,088.14"
C2C Inc.,,,507 7th Street Sioux City,IA,51101,0.00
"Calgie Electric, Ltd.",2325 Detroit Ave,,Maumee,OH,43537,"3,557.84"
Cameron Coop Elevator Assn,102 S Walnut,,Cameron,MO,64429,0.00
Cameron Coop Elevator Assn,102 S Walnut,,Cameron,MO,64429,"230,143.30"
Campbell Farming,4019 Sojourner Lane,,Georgetown,MS,39078,"137,585.79"
Canadian Pacific,,,8293 Collection Center Drive Chicago,IL,60693-0082,786.12
Canadian Pacific Kansas City,427 West 12th Street,,Blue Springs,MO,64015,0.00
Canadian Pacific Railway CM-9527,,,Saint Paul,MN,55170-9527,"3,073.00"
Canadian Pacific Railway (Soo Line),120 S 6th Street,,Minneapolis,MN,55402,0.00
Cargill,PO Box 5614,,Minneapolis,MN,55440,"2,571,312.90"
Cargill Wichita,PO Box 98220,,Chicago,IL,60693-8220,0.00
Carl Davis,3151 W Road,,Hill City,KS,67642,"94,784.45"
Carlson Trucking LLC  FBO Carlson Trucking LLC,PO Box 3474,,Omaha,NE,68114,0.00
Carmath Inc. 25965 482nd Ave,,,Brandon,SD,57005,"22,512.41"
Carmath Inc. 25965 482nd Ave,,,Brandon,SD,57005,"38,762.41"
Carroll Farm Service,16072 Water St,PO Box 255,Laurelville,OH,43135,0.00
CC Contracting Inc,13050 Waverly Rd,,Waverly,NE,68462,0.00
Central Farm Supply of Kentucky,7500 Grade Lane,,Louisville,KY,40219,0.00
Central Oceans USA,698 Berkmar Circle,,Charlottesville,VA,22901,575.00
Central States Enterprises LLC,PO Box 1692,,Salina,KS,67402-1692,0.00
Central States Fumigation & Services,PO Box 1692,,Salina,KS,67402,0.00
Central Valley Ag Cooperative,2803 N Nebraska,,York,NE,68467,0.00
UNKNOWN,,,Chicago Freight Car Leasing Co. 425 North Martingale Rd Schaumburg,IL,60173,"35,250.00"
UNKNOWN,,,Chicago Freight Car Leasing Co. 425 North Martingale Rd Schaumburg,IL,60173,"87,975.00"
UNKNOWN,,,Chicago Freight Car Leasing Co. 425 North Martingale Rd Schaumburg,IL,60173,0.00
Chisholm Trail Terminal,PO Box 46,,Medford,OK,73759,"1,022,480.00"
Chris Anderson 2008 360th Avenue,,,Lake Bronson,MN,56734,"20,077.45"
Chris Sinkular 28865 333rd Avenue,,,Dallas,SD,57529,0.00
CHS,5500 Cenex Drive,,Inver Grove Heights,MN,55077,0.00
CHS,5500 Cenex Drive,,Inver Grove Heights,MN,55077,"30,474.86"
CHS Inc.,5500 Cenex Drive,,Inver Grove Heights,MN,55077,"382,712.86"
CHS Inc.,5500 Cenex Drive,,Inver Grove Heights,MN,55077,"815,260.40"
Cincinnati Fan and Ventilator Company,PO Box 631717,,Cincinnati,OH,45263-1717,"1,000.00"
Cintas Corporation,PO Box 631025,,Cincinnati,OH,45263-1025,462.96
Circle W Farms Trucking LLC  FBO Circle W Farms Trucking LLC,PO Box 3474,,Omaha,NE,68103,444.43
City of Alabaster Dept. #CS 1,PO Box 830525,,Birmingham,AL,35283,0.00
City of Duluth,,,615 West First Street Duluth,MN,55802,0.00
City of Sioux City,PO Box 447,,Sioux City,IA,51102-0447,0.00
UNKNOWN,,,City of Superior Finance Attn: Nicholas Rhinehart 1316 N. 14th Street Superior,WI,54880,0.00
City of Superior-Stormwtr Util,1316 N 14th Street,,Superior,WI,54880-1773,315.25
City of Toledo Dept. of Public Utilities Ohio Building,"420 Madison Ave., Ste 100",,Toledo,OH,43667-0001,0.00
Clason Triclong LLC,PO Box 369,,Elm Creek,NE,68836,"3,397.03"
Clifton Watts,,,769 Gambrell Road Sicily Island,LA,71368,"241,514.56"
CME Group Inc.,Attn: Accounts Receivable PO Box 73672,,Chicago,IL,60673-7672,520.40
CN Railroad,PO Box 71206,,Chicago,IL,60694-1206,0.00
Coastal Warehouse Ltd.,602 North Sunset,,Wharton,TX,77488,"56,018.62"
"COFCO International Grains US, LLC One Tower Lane",,,Oakbrook Terrace,IL,60181,"757,469.10"
UNKNOWN,,,Cold Water Commodities LLC 34299 Cold Water Road Louisburg,KS,66053,0.00
Collins Ag,269 Montrose Road,,Tallulah,LA,71282,"264,205.73"
Collwest Grain Ltd.,2924 Sixth Line Collingwood L9Y 3Z1,,,,,"66,660.95"
Colorado Agri Products,"450 Angus Ave, Suite 1",,Sterling,CO,80751,0.00
Colorado Corn Admin. Committee,"9085 E. Mineral Cir., Suite 240",,Centennial,CO,80112,0.00
Columbia Gas,PO Box 4629,,Carol Stream,IL,60197-4629,50.64
Columbia Grain,1300 SW Fifth Ave. 29th Fl,,Portland,OR,97201,"128,610.28"
Comark,PO Box 947,,Enid,OK,73702,0.00
Comark,PO Box 947,,Enid,OK,73702,"1,306,337.30"
Comfortsystems,520 Garfield Ave.,,Duluth,MN,55802,0.00
Commodity Services Inc.,"1501 South State Street, Suite 200",,Fairmont,MN,56031,0.00
Consolidated Grain & Barge Inc.,320 South Boston Ave.,,Tulsa,OK,74103,950.09
Constellation Newenergy - Gas PO 5473,,,Carol Stream,IL,60197-5473,0.00
Consumers Oil & Supply Co.,PO Box 38,,Braymer,MO,64624,0.00
Consumers Oil & Supply Co.,PO Box 38,,Braymer,MO,64624,"196,459.06"
Coop Services Inc,PO Box 2187,,Lawton,OK,73502,0.00
Coop Services Inc,PO Box 2187,,Lawton,OK,73502,"235,226.41"
Corn LP,PO Box 280,,Goldfield,IA,50542,"20,841.65"
Cornerstone Ag LLC,PO Box 468,,Colby,KS,67701,0.00
Cornerstone Ag LLC,PO Box 468,,Colby,KS,67701,"297,842.99"
Corporate Chaplains of America,PO Box 63107,,Charlotte,NC,28263-3107,0.00
UNKNOWN,,,Council Bluffs Water Works 2000 North 25th Street Council Bluffs,IA,51501,0.00
UNKNOWN,,,CPC Commodities LLC 98 Celsor Road Fountain Run,KY,42133,"22,192.92"
Craig Blommel 11256 290th Street,,,Eagle Bend,MN,56446,"17,071.19"
Craig Farms Trucking LLC,26346 County Road 28,,Lowry,MN,56349,"2,092.50"
Craig Stroot,,,13933 240th Avenue SW Euclid,MN,56722,"13,659.95"
Creative Acquisition Co.,6051 Telegraph Rd,,Toledo,OH,43612,96.98
Crossroads Coop Association dba United,5625 N Crowfoot Valley Rd,,Castle Rock,CO,80108,"156,270.80"
Crum Farm Supply,29381 St Rt 41,,Peebles,OH,45660,0.00
UNKNOWN,,,CSC Logistics LLC 11880 College Blvd Overland Park,KS,66210,605.97
CSX Railroad,1659 Solutions Center,,Chicago,IL,60677-1006,0.00
CTS Logistics LLC,PO Box 1868,,Hays,KS,67601,"1,366.50"
Culligan Water of Kansas City,PO Box 843142,,Kansas City,MO,64184,67.75
"Culligan Water of Sioux City, IA",PO Box 3686,,Sioux City,IA,51102-3686,577.21
CVS Express 1788 26th Street,,,Edgerton,MN,56128,0.00
UNKNOWN,,,D&F Trucking LLC 1603 York Avenue Garden City,KS,67846,656.06
D&J Rief Services,7268 Spencer Rd,,Spencer,OH,44275,765.60
Dahl Trucking LLC,9240 Hwy 1 South,,Langdon,ND,58249,"1,342.75"
Dakota Land and Cattle 33823 296th St,,,Gregory,SD,57533,0.00
Damel Transportation & Logistics 3412 4th Street NW,,,Austin,MN,55912,422.10
Damewood Trucking LLC 2389 220th Street,,,Corning,IA,50841,0.00
Dan Wilson,,,303 South K Road Giltner,NE,68841,0.00
Dana Dixon,PO Box 3,,Mer Rouge,LA,71261,"50,345.05"
Dana K. Martin Hill Rivkins LLP,,,"1000 N. Post Oak Rd., Ste. 220 Houston",TX,77055,0.00
Daniel Jackson Feed Mill,1117 County Road 112,,Ranburne,AL,36273,0.00
Daniel T. Mashburn & Son,PO Box 275,,Bolton,MS,39041,"128,539.49"
Daniels S. Miller,,,11957 Maple Lake Dr SE Mentor,MN,56786,413.85
Danville Feed & Supply Inc.,608 S. Market St,PO Box 10,Danville,OH,43014,0.00
Darin Newcomb,1628 Circle Drive,,Pierre,SD,57501,"5,989.14"
David & Cynthia Shipp,169 Shipp Road,,Benton,MS,39039,"226,326.38"
David Fallen,401 Sharpe Drive,,Vermillion,SD,57069,"5,965.35"
David Irby Farms,,,1446 Line Prairie Road Morton,MS,39117,"24,737.16"
David Kluge,,,16420 100th Street SE Hankinson,ND,58041,0.00
David Little,,,1927 County Road 50 Mount Hope,AL,35651,0.00
Dean Hoiland,,,384 43rd Street NE Northwood,ND,58267,"45,839.20"
Debbie Bennett,,,26816 S. Famuliner Road Harrisonville,MO,64701,"4,101.11"
DeHaan Trucking LLC 28216 - 367th Ave,,,Platte,SD,57369,560.68
Delmarva Feed & Grain,29231 Morgnec Rd,,Kennedyville,MD,21645,0.00
Delphos Coop Assoc.,PO Box 308,,Delphos,KS,67436,"5,828.58"
Delta Farms Partnership,PO Box 859,,Leland,MS,38756,"261,237.36"
Department of Agriculture & Markets State of New York - Div. of Food Safety,108 Airline Drive,,Albany,NY,12235,0.00
Derek Ellenson,35493 St Hwy 89,,Roseau,MN,56751,0.00
Devin Flanders 15113 60th NE,,,Minto,ND,58261,"33,133.72"
Devin Hursman 2009 9th Street,,,Langdon,ND,58249,"3,302.91"
DG Global Grain Inc.,970 Lawrence Avenue West Toronto M6A 3B6,,,,,"15,631.20"
Dietzler Electric LLC,PO Box 9,,Larimore,ND,58251,"24,829.31"
Dillon Springer,33374 Buffalo Butte Rd. SD 57333,,,,,8.09
UNKNOWN,,,Dodge City Coop Exchange 908 W. Frontview Street Dodge City,KS,67801,"50,093.89"
Dodge Globe Realty LLC,8701 West Dodge Road #300,,Omaha,NE,68114,"27,896.42"
Double J Farms,572 Hwy 14,,Lexington,MS,39095,"95,833.69"
Double R Farms - Joel Rushing,1952 Hwy 605,,Newellton,LA,71357,"2,226.45"
Doug Joachim,PO Box 82,,Agar,SD,57520,0.00
Douglas Hursman 2009 9th Street,,,Langdon,ND,58249,"2,702.36"
Dowler Oil Group LLC,PO Box 929,,Laverne,OK,73848,"1,497.61"
UNKNOWN,,,Drew Ag Transport Inc. 5450 Sebring Warner Road Greenville,OH,45331,"2,882.50"
DTN LLC,26385 Network Place,,Chicago,IL,60673,"25,519.39"
Duane Harvey Trucking LLC,12938 State Hwy UU,,Elmo,MO,64445-8137,0.00
UNKNOWN,,,Duis Commodities LLC 12141 W. Willow Rd Odell,NE,68415,376.13
Dustin Mikel,21555 Cr 15,,Damon,TX,77430,"21,718.10"
DW Transport LLC  FBO DW Transport LLC,PO Box 3474,,Omaha,NE,68103,"1,404.00"
E & J Farms,572 Hwy 14,,Lexington,MS,39095,"223,099.90"
E M Fenush Trucking LLC FBO EM Fenush Trucking LLC,PO Box 687,,Wheaton,IL,60187,"1,503.45"
"East Bernard Milling Co., LLC",854 Wallace St,,East Bernard,TX,77435,0.00
ECOLAB,26252 Network Place,,Chicago,IL,60673-1262,"11,000.00"
Ed Schultz LLC,,,741 South 2nd Street Seward,NE,68434,0.00
Edinger Brothers Partnership,1524 Lakeview Lane,,Mitchell,SD,57301,"450,236.01"
EE Manske LLC,7900 Preserve Lane,,Lincoln,NE,68516,0.00
EFTA Farms Inc. 31883 300th St. NW,,,Argyle,MN,56713,"39,281.40"
EGT Transport LLC,2605 Hwy 144,,Copeland,KS,67837,241.43
UNKNOWN,,,Ellis & Eastern Company 1500 N Sweetman Place Sioux Falls,SD,57105,"1,726.00"
Ellsworth County Farmers Coop,PO Box 397,,Ellsworth,KS,67439,"346,367.72"
Elm Creek Commodities LLC Elm Creek Grain,238 County Road 435,,Jonesboro,TX,76538,"128,081.57"
ELY Grain,PO Box 185,,Guide Rock,NE,68942,"270,419.17"
Empiree G Haulers LLC,1691 Mile 38 Rd,,Hooker,OK,73945,0.00
Entergy PO 8108,,,Baton Rouge,LA,70891-8108,0.00
Eric Perleberg & Tim Tollefson 7535 18th Street NE,,,New Rockford,ND,58356,0.00
ERLBACHER BROS INC.,3329 Earling Road,,Defiance,IA,51527,521.80
Esch Ag Supply,11262 Arba Pike,,Fountain City,IN,47341,0.00
UNKNOWN,,,Ethan Leichtman 1506 84th Avenue NE McHenry,ND,58464,"12,799.25"
Etna Elevator,120 N. Walnut,PO Box 175,Etna Green,IN,46524,0.00
Eurofins Scientific Inc.,,,"2200 Rittenhouse St, Suite 150 Des Moines",IA,50321,0.00
Everest Railcar Services Inc.,PO Box 979,,Bentonville,AR,72712,"18,900.00"
Everest Railcar Services Inc.,PO Box 979,,Bentonville,AR,72712,0.00
Evergreen Plantation,123 Kennedy Road,,Tallulah,LA,71282,"439,364.32"
Evergy,PO Box 219330,,Kansas City,MO,64121-9330,0.00
"F M Brown's Sons, Inc.",205 Woodrow Avenue,PO Box 2116,Sinking Springs,PA,19608-0116,0.00
Fairleigh Feed Yards Rt. 2,801 E 1st,,Scott City,KS,67871,0.00
Farm Credit Leasing Services Corporation,"600 Hwy 169 S, Suite #300",,Minneapolis,MN,55426,0.00
Farm Credit Leasing Services Corporation,"1665 Utica Ave. S, Suite 400",,Minneapolis,MN,55416,0.00
Farm Credit Leasing Services Corporation,"600 Hwy 169 S, Suite #300",,Minneapolis,MN,55426,0.00
Farmers Ag & Grain Supply Inc.,7455 E 54 Hwy,,Deerfield,MO,64741,"303,493.35"
Farmers Coop Elevator Assn,PO Box 108,,Morganville,KS,67468,0.00
Farmers Coop Elevator Assn,PO Box 108,,Morganville,KS,67468,"68,277.11"
Farmers Coop Gin & Grain,PO Box 98,,Malone,TX,76660,0.00
Farmers Coop Gin & Grain,PO Box 98,,Malone,TX,76660,"19,806.47"
Farmers Coop Grain & Supply,PO Box 337,,Trenton,NE,69044,32.68
Farmers Coop Grain & Supply,PO Box 337,,Trenton,NE,69044,"891,461.30"
"Farmers Grain Terminal, Inc. PO Drawer 1796",,,Greenville,MS,38702-1796,0.00
"Farmers Grain Terminal, Inc. PO Drawer 1796",,,Greenville,MS,38702-1796,"1,186,364.40"
Farmers Portable Service,PO Box 464,14560 Madison Rd,Middlefield,OH,44062-0464,0.00
Farmers Union Merchant & Ship Assn.,PO Box 547,,Stockton,KS,67669,"185,870.65"
Fastenal Company,PO Box 978,,Winona,MN,55987-0978,"2,082.62"
Fetzer Family Partnership,14327 Hwy 59,,Haxtun,CO,80731,"24,442.45"
Fidensio Pena dba FP Trans,1421 Noble Drive,,Nazareth,TX,79063,"2,128.58"
"Finney County Feedyard, Inc.",PO Box 479,,Garden City,KS,67846,0.00
Fitzsimmons Service Co,PO Box 157,,Montrose,MN,55363,"1,200.00"
Flagler Equity Coop Co,PO Box 398,,Flagler,CO,80815-0398,"87,295.03"
Fleming Feed and Grain Box 66,,,Leon,KS,67074,"16,309.85"
UNKNOWN,,,Fleming Grain & Cattle LLC 6084 Arthur Cemetery Road Troy,TX,76579,"45,166.23"
FP Ag Inc dba FarmPro,3411 Parkway Avenue,,Bozeman,MT,59718,0.00
Frenchman Valley Coop,143 Broadway,,Imperial,NE,69033-0578,"251,159.38"
Frenchman Valley Cooperative,PO Box 578,,Imperial,NE,69033,"49,921.88"
Frontier Ag Inc.,PO Box 998,,Goodland,KS,67735,"775,887.60"
Frontier Trading Co.,,,731 Kerr Research Drive Ada,OK,74820,"6,928.12"
Fusion LLC,210 Interstate N Parkway SE Suite 30,,Atlanta,GA,30339,0.00
Fusion Trucking LLC,11926 Braewick Drive,,Houston,TX,77035,517.50
G Douglas Walraven,9970 FM 979,,Cameron,TX,76520,0.00
G4 Services US Corp,14830 Talcott,,Houston,TX,77015,0.00
GAMET,,,7400 Boone Avenue North Minneapolis,MN,55428,323.92
Gampa & T's Trucking LLC RR2 Box 49,,,Laverne,OK,73848,"4,198.68"
"Garba, LLC",,,1702 S International Blvd Weslaco,TX,78596,0.00
GATX CORPORATION,3454 Solutions Center,,Chicago,IL,60677-3004,"81,635.52"
Geary Grain Inc.,PO Box 1205,,Junction City,KS,66441,"304,778.55"
General Mills LLC,Attn: Grain Deposit BT02C PO Box 1113,,Minneapolis,MN,55440,0.00
"General Mills, Inc.-KC",PO Box 1113,,Minneapolis,MN,55440,"17,888.39"
Geneva Milling Co. Inc. Box 146,,,Geneva,NE,68361,"289,168.79"
George Urquidi DBA Four U Express,PO Box 423,,Satanta,KS,67870,190.50
UNKNOWN,,,Georgia ACC for Corn 328 Agriculture Bldg. Capitol Square Atlanta,GA,30334,0.00
Georgia Department of Agriculture Attn: Andy Harrison,,,"19 Martin Luther King, Jr. Dr. Atlanta",GA,30334,0.00
Gerber & Sons Inc.,100 S. Ray St,PO Box 248,Baltic,OH,43804-0248,0.00
Gerber Feed Service,3094 Moser Rd,PO Box 509,Dalton,OH,44618-0509,0.00
GKT Farms,PO Box 12305,,Grand Forks,ND,58208,0.00
UNKNOWN,,,GM Express LLC 1905 Parkway Dr Dodge City,KS,67801,0.00
Golden Grain Freight LLC,25731 Highway 71,,Woodrow,CO,80757,796.80
Golden Harvest Farms,417 CR 434,,Winters,TX,79567,"115,696.04"
Golden Triangle Ethanol,15053 Hwy 111,,Craig,MO,64437,0.00
Golden Triangle Ethanol,15053 Hwy 111,,Craig,MO,64437,"41,909.18"
Google Fiber,11149 W. 95th St. T-44A,,Overland Park,KS,66214,0.00
Gorecki Family Farm 2910 160th Avenue,,,Taunton,MN,56291,0.00
Grain Commodity Fund,c/o Missouri Dept. of Agriculture PO Box 30,,Jefferson City,MO,65102,0.00
Grain Craft,"201 West Main Street, Suit 103",,Chattanooga,TN,37408,0.00
Grainger,,,401 South Wright Road Janesville,WI,53546,610.28
UNKNOWN,,,Granados Trucking LLC 2013 E Fager St Wichita,KS,67216,0.00
Great Bend Coop Association dba Plains Coop,606 Main Street,,Great Bend,KS,67530,"286,160.47"
Great Plains Commodities LLC,PO Box 1061,,Altus,OK,73522-1061,"218,051.75"
Great Plains Communications,PO Box 500,,Blair,NE,68008,0.00
Green Plains Trade Group LLC,1811 Aksarben Drive,,Omaha,NE,68106,"1,977.00"
Green Thumb Commodities,PO Box 407,,Madison,SD,57042,"35,515.10"
Greenfield Global Winnebago LLC,PO Box 675339,,Detroit,MI,48267-5339,0.00
Greenstone A Cultura Company,PO Box 208792,,Dallas,TX,75320,"51,156.70"
Greiser Farms 1867 80th Road,,,Yates Center,KS,66783,"17,292.13"
Griess Trucking LLC,PO Box 389,,Aurora,NE,68818,499.77
Grover Farm Trucking LLC,PO Box 369,,Amboy,MN,56010,0.00
Guimbellot Farms Trucking,8835 Hwy 4,,Winnsboro,LA,71295,"3,822.89"
H&R Line Transport LLC,1359 Jewell Avenue,,Liberal,KS,67901,852.54
"H&S Logistics, LLC 23718 474th Ave",,,Dell Rapids,SD,57022,0.00
Halverson Farms LLC 18676 430th Ave. SW,,,East Grand Forks,MN,56721,0.00
Hannebaum Grain Co. Inc.,PO Box 1157,,Salina,KS,67402-1157,"60,235.40"
Hansen Farms,711 Kraemer Pass,,Lorena,TX,76655,0.00
UNKNOWN,,,Hansen Metro Elevation LLC 3806 Worsham Avenue Long Beach,CA,90808,0.00
Hanson Homestead Farms Inc. 31845 473rd Avenue,,,Vermillion,SD,57069,0.00
UNKNOWN,,,Harrenstein Trucking LLC 187 West Rainforth Road Doniphan,NE,68832,0.00
Hartel's Disposal,930 Hwy 2,,Duluth,MN,55810,999.43
Harvest Transport Inc.,1556 Road 240,,Sublette,KS,67877,577.27
Hasbargen Farms,3122 Hwy 11 SE,,Baudette,MN,56623,0.00
Haunted Hill Grain,PO Box 100,,Moody,TX,76557,"87,621.53"
"Hawkeye Gold, LLC","2501 SE Tones Drive, Suite 500",,Ankeny,IA,50021,0.00
Hays Companies,80 South 8th Street,,Minneapolis,MN,55402,"16,200.00"
Hays Companies,80 South 8th Street,,Minneapolis,MN,55402,"11,187.00"
HD Commodities,,,"18017 Oak Street, Ste B Omaha",NE,68130,0.00
Heart of America,1413 Illinois Avenue,,Kansas City,MO,64127,0.00
UNKNOWN,,,Heiman Agri-Service 717 W Pine Street Butler,MO,64730-1341,0.00
UNKNOWN,,,Heiman Agri-Service 717 W Pine Street Butler,MO,64730-1341,"51,454.02"
Hempel Oil,PO Box 875477,,Kansas City,MO,64187-5477,974.96
UNKNOWN,,,HF Bostic Farms 4219 28th Street NW Baudette,MN,56623,0.00
UNKNOWN,,,HF Bostic Farms 4219 28th Street NW Baudette,MN,56623,"65,097.29"
"HG 603, LLC",2125 Hwy 603,,Tallulah,LA,71282,"2,665.00"
Hill Bros Intermodal Logistics,7850 I Street,,Omaha,NE,68127,0.00
Hinckley Springs,PO Box 660579,,Dallas,TX,75266-0579,26.16
Hlavinka Cattle Co. JV,PO Box 12188,,East Bernard,TX,77435,"73,966.17"
Holmes Ag Service Inc.,310 S. Market St.,,Holmesville,OH,44633,0.00
UNKNOWN,,,Home City Grain Inc. 200 S Elm Street Home,KS,66438,"769,431.21"
Hoople Farmers Grain Co,PO Box 140,,Hoople,ND,58243,0.00
"Hord Elevator, LLC",PO Box 808,,Bucyrus,OH,44820,"13,080.60"
Hosmer Transportation LLC,7840 Rosendale Road,,Wayne,OH,43466,"2,213.40"
Host Agency LLC,"150 West Main Street, Suite 1600",,Norfolk,VA,23510,0.00
Hott's Ag Service,PO Box 656,,Franklin,WV,26807,0.00
Howard Pruser,1817 CR 209,,Winters,TX,79567,"51,701.22"
UNKNOWN,,,Hunt Transportation LLC 11107 NW 58th Street Kansas City,MO,64152,0.00
"Hy-Plains Feedyard, LLC",7505 Hwy 56,PO Box 356,Montezuma,KS,67867,0.00
IBT,PO Box 873065,,Kansas City,MO,64187-3065,"13,020.73"
Ideal Pure Water,PO Box 70,,Boys Town,NE,68010,64.25
Illinois Dept. of Agriculture Bureau of Ag. Products Inspection,PO Box 19281,,Springfield,IL,62794-9281,0.00
Independent Locomotive Leasing,21 Main Street,PO Box 79,Bethel,MN,55005,"2,000.00"
Iowa Corn Promotion Board,PO Box 8008,,Des Moines,IA,50301,0.00
UNKNOWN,,,"Iowa Interstate Railroad, LTD 203 2nd Street SE #500 Cedar Rapids",IA,52401,0.00
Iowa Secretary of Agriculture IDALS/Commercial Feed Bureau Henry Wallace Building,,,Des Moines,IA,50319-0051,0.00
Iowa Soybean Association,PO Box 8174,,Des Moines,IA,50301,0.00
Irby Farms,670 Old Hwy 43,,Brandon,MS,39047,"8,432.40"
Irsik & Doll Feed Services Inc.,PO Box 847,,Cimarron,KS,67835,"487,774.09"
Islandboyz Legacy,FBO Islandboyz Legacy PO Box 3474,,Omaha,NE,68103,0.00
"J & K Ag, LLC",,,111 East Crestmont Dr Alvin,TX,77511,"52,227.36"
UNKNOWN,,,J and J Bagging LLC 1312 Rialto Road Yazoo City,MS,39194,0.00
J.D. Heiskell & Company,17220 Wright Street #200,,Omaha,NE,68130,"8,350.72"
J.D. Heiskell & Company,17220 Wright Street #200,,Omaha,NE,68130,0.00
JA Diaz Trucking United LLC,797 County Road 133,,Burlington,TX,76519,0.00
Jackson Ag Service LLC,61 Dickason St,,Jackson,OH,45640,0.00
Jaime Gutierrez dba J&G Trucking LLC,3298 Road V,,Guymon,OK,73942,951.21
Jake C Duden,,,21596 180th Avenue SE Red Lake Falls,MN,56750,"101,024.83"
UNKNOWN,,,James Pernsteiner 8707 89th Street SE Ellendale,ND,58436,"40,365.46"
James Saville Hill Rivkins LLP,,,"45 Broadway, Suite 1500 New York",NY,10006,0.00
Jason and Kenneth Houghtelling,71797 Road 412,,Cambridge,NE,69022,0.00
Jay Frenzel,26620 Hwy 1 NE,,Northome,MN,56661,"19,053.11"
JC Reid Jr,,,3460 Richland Road Silver City,MS,39166,0.00
JC Trucking,PO Box 475,,Deerfield,KS,67838,778.40
JC Trucking,PO Box 56,,Ewing,NE,68735,550.80
JD Farm and Livestock,PO Box 3,,Mer Rouge,LA,71261,"21,076.09"
UNKNOWN,,,Jebb Brush Company 934A SE 7th Terrace Lees Summit,MO,64063,740.03
Jeckell Enterprises Inc.,26255 US Hwy 14,,Lamberton,MN,56152,0.00
Jeremy Kihne,15489 Hwy 200 NE,,Mayville,ND,58257,"20,175.91"
Jesse Nelson,21744 210 Street NE,,Goodridge,MN,56725,"25,879.48"
Jet-Way Multiple Services Inc.,PO Box 131,,Harwood,ND,58042,"8,310.00"
Jim Voss,14984 RD E7,,Almena,KS,67622,"4,496.27"
JLM Farms Partnership,PO Box 987,,Pratt,KS,67124,"8,350.72"
JM Trucking,2574 Kennedy Ave,,George,IA,51237,"1,774.65"
Joey Potucek,,,27995 260th Avenue NW Warren,MN,56762,"190,341.76"
John A. Guimbellot,,,196 Oak Grove Church Road Winnsboro,LA,71295,0.00
John A. Guimbellot,,,196 Oak Grove Church Road Winnsboro,LA,71295,"753,712.30"
UNKNOWN,,,John Rethemeier 2655 11th Avenue NE Emerado,ND,58228,0.00
John W. Morton Trucking,PO Box 158,,Thorndale,TX,76577,"1,974.93"
Johnson & Baker Trucking Inc. PO Drawer D,,,Nevada,MO,64772,0.00
Johnson Farms,342 Road D,,Rolla,KS,67954,0.00
Johnson Farms,,,591 Blue Ruin Road Louise,MS,39097,"8,234.33"
Jon Olson,,,610 North Country Acres Rd North Sioux City,SD,57049,0.00
UNKNOWN,,,Jonathan Flora  10342 SE 100th Street Sawyer,KS,67134,151.45
Jones Farm Trucking LLC,PO Box 65,,Mayersville,MS,39113,0.00
Jones Farm/Robert Jones,6456 County Rd 605,,Dayton,TX,77535,245.45
Jose Hernandez - Joe & Son's Trucking,PO Box 111,,Ulysses,KS,67880,126.95
Joseph Hergott Jr.,PO Box 66,,Gilead,NE,68362,0.00
JQ Office Equipment,PO Box 660831,,Dallas,TX,75266-0831,694.92
UNKNOWN,,,JQ Office Equipment 3350 N. 90th Street Omaha,NE,68134,513.47
Justin Gaines,395 Gaines Road,,Vredenburgh,AL,36481,"47,636.36"
Justin Parker 27730 340th,,,Roseau,MN,56751,"10,482.22"
Kalmbach Feeds,7148 State Highway 199,,Upper Sandusky,OH,43351-0038,0.00
Kansas City Board of Public Utilities,PO Box 219661,,Kansas City,MO,64121-9661,0.00
Kansas City Southern Railway,427 West 12th Street,,Kansas City,MO,64015,"3,136.00"
Kansas City Southern Railway,427 West 12th Street,,Kansas City,MO,64015,"2,582.00"
Kansas City Southern Railway,427 West 12th Street,,Kansas City,MO,64015,"19,555.00"
UNKNOWN,,,"Kansas Dept. of Agriculture 109 SW 9th Street, 2nd Fl Manhattan",KS,66502,0.00
Kanza Coop,20112 W Hwy 54,,Pratt,KS,67124,228.32
Kanza Coop,20112 W Hwy 54,,Pratt,KS,67124,"434,880.20"
Kavan Family Revocable Trust Box 1747,,,Portland,OR,97207,0.00
KC Water Services,PO Box 807045,,Kansas City,MO,64180-7045,0.00
Keith Meyer Farms,5369 FM 2668,,Bay City,TX,77414,0.00
Keller Grain Inc.,18170 Hwy 90 E,,Castroville,TX,78009,"21,649.77"
Kent R. Eikerman 7905 202nd St,,,Greenwood,NE,68366,0.00
Kerr Trucking Inc,PO Box 1267,,Ashland,OH,44805,"1,087.50"
Kevin Byerly,,,3600 W Airport Rd Grand Island,NE,68803,0.00
Kevin Byerly,,,3600 W Airport Rd Grand Island,NE,68803,"19,028.82"
Kevin Gordon Trucking LLC,PO Box 784,,North Platte,NE,69103,"2,040.50"
UNKNOWN,,,Kice Industries Inc. 5500 Mill Heights Dr Wichita,KS,67219,317.31
King Feed & Supply Inc.,1001 Runkle Street,PO Box 157,West Liberty,OH,43357-0157,0.00
Kingpin Logistics LLC,2500 Shadywood Rd #300,,Excelsior,MN,55331,0.00
Kirby Farms Inc. 16679 321st Avenue,,,Lebanon,SD,57455,"79,927.83"
UNKNOWN,,,Klamm Trucking LLC 15983 166th Street Bonner Springs,KS,66012,0.00
Kody Allen Beavers,143 Kosmac Road,,Extension,LA,71243,"420,771.56"
Kolton Kilen 27127 380th St. NE,,,Middle River,MN,56737,"50,659.85"
Kruse Ag LLC,123 Ash Street,,Ringsted,IA,50578,553.40
Kuka Trucking LLC,66 Boxcar Road,,Nashua,MT,59248,"1,267.20"
UNKNOWN,,,Kurent Occupational Safety 3650 E William St Road Decatur,IL,62521,217.11
Kyle McMahon 1125 14th SE,,,East Grand Forks,MN,56721,"28,987.50"
Kyle Miller,717 FM 1242,,Abbott,TX,76621,"179,637.18"
Kyle Novacek,39413 120th Street SW,,East Grand Forks,MN,56721,"64,977.14"
Kyllo Trucking Inc,PO Box 329,,Larimore,ND,58251-0329,508.02
L & S Electric,5101 Mesker Street,,Schofield,WI,54476,"3,507.95"
UNKNOWN,,,LaBolt Farmers Grain Co 406 E Georgia Avenue Labolt,SD,57246,0.00
LaCrosse Milling Co.,PO Box 86,105 State Hwy 35,Cochrane,WI,54622,0.00
UNKNOWN,,,Lagniappe Planting Co. 241 W Lakeview Drive Yazoo City,MS,39194,"721,344.47"
Lake Andes Farmers Coop,PO Box 217,,Lake Andes,SD,57356,"186,845.08"
Landus Cooperative,,,"220 SW 9th Street, Ste. 300 Des Moines",IA,50309,"79,800.00"
UNKNOWN,,,Larry Vogler Trucking LLC 8807 Weeping Water Road Nehawka,NE,68413,0.00
Law Trucking - Jason Lee Law FBO Jason Law - Law Trucking,PO Box 3474,,Omaha,NE,68103-0474,503.34
Legacy Cooperative,PO Box 155,,Hemingford,NE,69348-0155,"102,622.22"
Legacy Cooperative,PO Box 155,,Hemingford,NE,69348-0155,"77,141.13"
Leiszler Grain,417 Deer Rd,,Clifton,KS,66937,"35,028.83"
LeRoy Coop Assn Inc.,PO Box 248,,Le Roy,KS,66857,"239,648.72"
Leslie Transport LLC,,,"805 East Bankhead St, Suite A New Albany",MS,38652,0.00
Levi Novacek,4365 State Highway 11,,Roseau,MN,56751,0.00
UNKNOWN,,,Liebbrandt Farms 506 East Hill Drive Atwood,KS,67730,0.00
Linde Gas & Equipment Inc.,4105 W Superior St,,Duluth,MN,55807,78.70
Linear Grain Inc.,PO Box 219,Carman R0G 0J0,,,,"93,900.04"
Linsmeier Trucking LLC 59557 250th St,,,Litchfield,MN,55355,"1,018.39"
Little Ireland Feeds LLC,16766 Hosmer Road,,Middlefield,OH,44062,0.00
Livestock Nutrition Center,11225 College Blvd.,,Overland Park,KS,66210,"10,925.20"
Livestock Nutrition Center,PO Box 79696,,Saginaw,TX,76179,"183,687.39"
LMR Freight LLC,150 Ballard Circle,,Paducah,KY,42001,0.00
Logan Lux Trucking LLC,43554 County Hwy 3,,Morgan,MN,56266,541.42
Lotter Farms,1946 W 200 S,,Berne,IN,46711,605.86
Lottville Hill Construction LLC,465 Lottville Road,,Canton,MS,39046,566.50
Louis Dreyfus,"333 11th Avenue SW Calgary, Canada T2R 1L9",,,,,0.00
UNKNOWN,,,"Louis Dreyfus Commodities LLC 4800 Main Street, Ste. 107 Kansas City",MO,64112,0.00
UNKNOWN,,,"Louisiana Dept. of Agriculture Commodities Commission 5825 Florida Blvd., Suite 1003 Baton Rouge",LA,70806,0.00
Louisiana Dept. of Agriculture Promo and Research,,,"5825 Florida Blvd., Suite 1003 Baton Rouge",LA,70806,0.00
UNKNOWN,,,Luke Trucking LLC 27910 Gulf Landing Ct Rosharon,TX,77583,0.00
Lund Ag Inc,29530 County Road 9,,Roseau,MN,56751,0.00
Lund Ag Inc.,29530 County Road 9,,Roseau,MN,56751,"28,786.32"
Lutz & Company,13616 California Street,Suite 300,Omaha,NE,68154-5336,0.00
Lynn Seger,38909 County Road 3,,Haxtun,CO,80731,"63,634.83"
M & B Ag LLC,30125 McCall Avenue,,Bigelow,MN,56117,"13,746.75"
M&M Specialty Services,PO Box 133,,Lansing,KS,66043,183.72
"M-G, Inc.",PO Box 697,,Weimar,TX,78962,0.00
Maass Farms,243 FM 1946,,Bynum,TX,76631,0.00
Maass Farms,243 FM 1946,,Bynum,TX,76631,"207,594.97"
Madsen Seeds 1324,32 Road,,Minden,NE,68959,232.58
Magnolia Grain Company,PO Box 336,,Cary,MS,39054,"259,954.84"
Magnusson Farms,37605 State Hwy 11,,Roseau,MN,56751,"272,572.02"
Mallory Guimbellot,,,182 Oak Grove Church Road Winnsboro,LA,71295,"53,673.47"
Maloney Cattle Company LLC,11000 Maloney Road,,Ridgway,IL,62979,0.00
Maple Valley Mill,9255 North Ave,,Dowling,MI,49050,0.00
Marex North America LLC,"222 West Adams St., Ste. 450",,Chicago,IL,60606,0.00
Margaret F. Crews,2945 Hwy 602,,Tallulah,LA,71282,0.00
Mark and Clinton Grisier,1618 Hwy 54,,Yates Center,KS,66783,905.91
UNKNOWN,,,Mark and Darla Lehmann 15681 450th Street SW Fertile,MN,56540,"45,373.54"
Mark Mayeske 5346,1250 Road,,Fredonia,KS,66736,"4,116.60"
Mark Wavra,913 James Avenue,,East Grand Forks,MN,56721,"23,178.04"
Marquis Trading LLC,10000 Marquis Dr,,Hennepin,IL,61327,0.00
"MARS Horsecare US, Inc.",PO Box 505,,330 E. Schultz St Dalton,OH,44618,0.00
Martin Ueland 352 118th Ave SE,,,Cooperstown,ND,58425,18.88
Martin Ueland 352 118th Ave SE,,,Cooperstown,ND,58425,"4,489.20"
Martinek Grain Box 430,,,Gunter,TX,75058,"447,018.63"
Marvin Poss,1890 Union Road,,Elba,NE,68835,"31,191.07"
Maryland Dept. of Agriculture,PO Box 17304,,Baltimore,MD,21297-1304,0.00
Masek Brothers,465 Cty Rd 27,,Valparaiso,NE,68065,0.00
Matt Ludwig Trucking LLC 1981 130th St E,,,Dundas,MN,55019,"478,833.13"
Matthews Farms LLC,PO Box 406,,Saint Joseph,LA,71366,410.13
Max Linin,6220 Highway 27,,Goodland,KS,67735,"104,300.19"
Mazour Farms LLC,2224 Road 2700,,Lawrence,NE,68957,0.00
MC Truckin LLC,,,268 Earl Medlin Road Rayville,LA,71269,0.00
McCartney's Feed & Hardware,1683 Airport Road,,Fredonia,PA,16124,0.00
McDougal-Sager & Snodgrass Grain,PO Box 31,,Atwood,KS,67730,"6,401.58"
McIlnay Farms,1091 County Road 15,,Colby,KS,67701,0.00
McIlnay Farms,1091 County Road 15,,Colby,KS,67701,"2,004.49"
McIlnay Farms,1091 County Road 15,,Colby,KS,67701,"31,466.92"
McKoin Farms,15247 Lakeshore Drive,,Bonita,LA,71223,"6,240.69"
McWalter Farms Inc. 40471 170th SW,,,East Grand Forks,MN,56721,"22,477.37"
Meadow Creek Farm,4421 County Road 33 N,,Columbia,AL,36319,"1,266.20"
Mechanical Services & Equipment,6503 E State Rd 13,,South Range,WI,54874,"13,127.19"
Medcem Madencilik A.S.,"Atatürk Mah. Ertugrul Gazi Sk. Metropol Istanbul, C2 Blok, Istanbul, Turkiye",,,,,0.00
Meerdink Inc.,,,3676 Ironwood Ave Orange City,IA,51041,167.94
UNKNOWN,,,Melissa Konecky 654 W 6th Street Wahoo,NE,68066,0.00
Menards,HSBC Business Solutions PO Box 60506,,City of Industry,CA,91716,0.00
Meyer Farms,2969 Hideaway Road,,Axtell,KS,66403,0.00
MFA - Sweet Springs,125 Lexington Avenue,,Sweet Springs,MO,65351,"20,824.52"
MFA Agri Services,313 N. Davis,,Hamilton,MO,64644,"41,875.59"
MFA Agri-Services,2205 Walnut,PO Box 508,Higginsville,MO,64037,"130,844.83"
UNKNOWN,,,MFA Agri-Services (Boonville) 1605 Radio Hill Road Boonville,MO,65233,"285,187.38"
MFA Inc.,,,201 Ray Young Dr. Columbia,MO,65201-3599,"49,250.25"
MFA Orrick,,,208 E North Front Street Orrick,MO,64077,0.00
Michael and Amanda Juenemann,1006 Court Terrace,,Colby,KS,67701,"39,179.56"
Michael and Cole Bilbro,740 Hwy 481,,Pelahatchie,MS,39145,"87,120.38"
Michael Davis,,,341 N Wayne Ave. Haxtun,CO,80731,"3,986.45"
Michael Johnson Trucking LLC 6972 510th Avenue,,,Bricelyn,MN,56014,668.50
Michael Robertson dba Robertson Services,641 N. 184th Road,,Buffalo,OK,73834,972.20
Michigan Dept. of Agriculture,PO Box 30776,,Lansing,MI,48909,"10,516.90"
Midamerican Energy,PO Box 8020,,Davenport,IA,52808,0.00
Middleton Planting Co.,PO Box 420,,Glen Allan,MS,38744,"54,625.10"
"Midland Marketing Co-Op, Inc.",PO Box 639,,Hays,KS,67601-4122,"273,870.57"
Midway Coop Assn. PO 40,,,Osborne,KS,67473,0.00
Midway Coop Assn. PO 40,,,Osborne,KS,67473,"383,891.75"
Midwest Coop Assn. Box 40,,,Osborne,KS,67473,0.00
Mikel Brothers,21555 Cr 15,,Damon,TX,77430,"73,297.64"
Milo Ravndalen,,,6773 Townsite Road NW Roosevelt,MN,56673,"47,853.76"
Minnesota Association of Wheat Growers,2600 Wheat Drive,,Red Lake Falls,MN,56750,0.00
Minnesota Power,PO Box 77065,,Minneapolis,MN,55480-7765,0.00
Minnesota Soybean Processors,PO Box 100,,Brewster,MN,56119-0100,0.00
Mississippi Dept. of Agriculture,PO Box 5207,,Mississippi State,MS,39762-5207,0.00
Mississippi Dept. of Agriculture and Commerce,PO Box 1609,,Jackson,MS,39215-1609,0.00
UNKNOWN,,,Missouri Dept of Agriculture Division of Weights & Measures Jefferson City,MO,65102,502.00
Missouri Feed Tonnage Report,PO Box 630,,Jefferson City,MO,65102,0.00
Mitch Hinckley,,,704 East Lincoln Avenue Gettysburg,SD,57442,0.00
Mitch Wavra,913 James Avenue,,East Grand Forks,MN,56721,"23,178.37"
Moriarty Machinery & Supply,143 Broadway St,,Toledo,OH,43604,"16,638.50"
Morrill Elevator Inc.,PO Box 127,,Morrill,KS,66515,"18,666.30"
Morton Transportation LLC,PO Box 428,,Thorndale,TX,76577,0.00
Moser Brothers LLC,PO Box 234,,Red Lake Falls,MN,56750-4648,0.00
"Mr. Biffy, LLC",PO Box 2040,,Superior,WI,54880,"7,358.57"
MTM Inc.,,,11957 Maple Lake Dr SE Mentor,MN,56736,232.75
UNKNOWN,,,MTZ Express LLC 1005 Avenue J Dodge City,KS,67801,"10,489.55"
UNKNOWN,,,Muler Ag Service LLC 6005 East Gage Road Firth,NE,68358,0.00
Murphy Agri LLC,PO Box 210,,Strong City,KS,66869,0.00
Murphy Agri LLC,PO Box 210,,Strong City,KS,66869,"198,644.83"
Mylan J. Gehle 2094,110 Road,,Republic,KS,66964,"43,959.09"
N-N Brokers LLC 10225,738 Road,,Bertrand,NE,68927,0.00
Nebraska Public Service Commission,"1200 N Street, #300",,Lincoln,NE,68508,0.00
Nebraska Soybean Board,Lockbox Account - Jones National Bank PO Box 161,,Seward,NE,68434-9912,0.00
UNKNOWN,,,Nestle Purina Pet Care 3800 Chesherboard Park Saint Louis,MO,63164,0.00
New Age Feed Box 362,,,Quinter,KS,67752,"25,419.38"
Newfolden Coop Elevator Association,PO Box 157,,Newfolden,MN,56738,"46,434.52"
Newmark Zimmer (JMZ Associates LLC),PO Box 411299,,Kansas City,MO,64141,"6,590.00"
Case 25-81226-TLS    Doc,188    Filed 12/10/25    Entered 12/11/25 09:51:22    Desc Main Document      Page 123 of 218,Debtor      Hansen-Mueller Co                                                                            Case number (if known)         25-81226 Name,,,,0.00
Nodak Electric Cooperative 4000 32nd Ave S.,PO Box 13000,,Grand Forks,ND,58208-3000,"17,669.00"
UNKNOWN,,,Nodak Pest Control 1624 1st Avenue North Grand Forks,ND,58203,300.00
UNKNOWN,,,Nofzig Trucking LLC 16056 County Road B Wauseon,OH,43567,"1,744.13"
NORAG LLC - Stilwell,PO Box 412,,Stilwell,KS,66085,"6,749.65"
Norfolk Southern,"1200 Peachtree St., NE 12th Fl.",,Atlanta,GA,30309-3579,0.00
North Central Companies Inc.,"601 Carlson Parkway, Suite 400",,Hopkins,MN,55305,0.00
Case 25-81226-TLS    Doc,188    Filed 12/10/25    Entered 12/11/25 09:51:22    Desc Main Document      Page 124 of 218,Debtor      Hansen-Mueller Co                                                                            Case number (if known)         25-81226 Name,,,,0.00
North Dakota Wheat Commission 2401 46th Avenue SE,Suite 104,,Mandan,ND,58554-4829,0.00
North Star Ag 13196 34th St SE,,,Tower City,ND,58071,"5,150.80"
Northern Plains Grain Inspection,1110 N 43rd St,,Grand Forks,ND,58203,0.00
Northerngates LLC  FBO Northerngates LLC,PO Box 3474,,Omaha,NE,68103,0.00
Novita Nutrition,,,2301 Research Park Way Brookings,SD,57006,"85,663.00"
NSG Transport Inc.,PO Box 489,,Gothenburg,NE,69138,767.20
Nultemeier LLC,44370 110th Street NW,,East Grand Forks,MN,56721,"5,594.66"
Nuttelman & Sons LLC,PO Box 413,,Stromsburg,NE,68666,440.86
O'Foods Ltd.,333 Main Street,Winnipeg R3C 4E2,,,,"90,651.60"
O'Reilly Auto Parts,PO Box 9464,,Springfield,MO,65801-9464,63.18
Oahe Grain Corporation,PO Box 244,,Onida,SD,57564,"61,010.09"
UNKNOWN,,,Oak Grove Rental 509 N. Broadway St. Oak Grove,MO,64075,0.00
Oakley Grain Inc.,3700 Lincoln,,North Little Rock,AR,72114,0.00
Occupational Safety & Health Admin. Kansas City Area Office,,,"2300 Main St., Suite 10071 Kansas City",MO,64108,"7,157.00"
Occupational Safety & Health Admin. Kansas City Area Office,,,"2300 Main St., Suite 10071 Kansas City",MO,64108,"36,243.00"
Odom Livestock Supply Inc.,3349 US 45 S,,Mayfield,KY,42066,0.00
UNKNOWN,,,Offerle Coop Grain 222 E. Santa Fe Offerle,KS,67563,"489,452.66"
Ohio Dept of Agriculture Feed and Seed,"8995 E. Main Street, Bldg. 23",,Atlanta,GA,31193-5667,0.00
UNKNOWN,,,Olam Global Agri Americas LLC 354 Pequot Avenue East Southport,CT,06890,"18,975.00"
Olsen Custom Farms LLC 1355 300th St,,,Hendricks,MN,56136,0.00
UNKNOWN,,,Omaha Grain Inspection 1333 Lew Ross Road Council Bluffs,IA,51501,"1,547.45"
Oswego Joint Venture,,,705 Martin Luther King Drive Tchula,MS,39169,"190,501.54"
Palmer Grain Inc.,PO Box 10,,Palmer,KS,66962,"67,308.53"
Paoli Farmers Coop Elevator,110 W. Railroad,,Paoli,CO,80746,"172,704.78"
"Parrish & Heimbecker, Ltd",104 Cooper Drive,"Guelph, ON N1C 0A4",,,,"280,587.34"
Partida Trucking LLC,PO Box 92,,Ulysses,KS,67880,415.17
Paterson Grain,333 Main Street Winnipeg R3C 4E2,,,,,"327,405.29"
UNKNOWN,,,Patrick Shaffer 1401 W. 11th Street Gregory,SD,57533,0.00
Paul Bartels Trucking,3715 Antelope Ave,,Kearney,NE,68847,899.10
Pender Grain Elevator Inc.,112 N. 4th Street,,Pender,NE,68047,"18,220.94"
UNKNOWN,,,Pennsylvania Dept. of Agriculture Commonwealth of Pennsylvania 2301 N. Cameron Street Harrisburg,PA,17110-9408,0.00
UNKNOWN,,,Perdue AgriBusiness LLC 31149 Old Ocean City Road Salisbury,MD,21804,0.00
Peters Trucking LLC,3254 F Road,,Beloit,KS,67420,787.71
Pettisville Grain Co,18251 Co Rd DE,,Pettisville,OH,43553-0009,409.53
Pfaff Service LLC - Timothy W. Pfaff,13433 Dettmer Rd,,Randolph,KS,66554,0.00
Pfister Farms Trucking LLC N3091 Cty T,,,New Holstein,WI,53061,"1,031.88"
Phillip D & Janice M Bamesburger Rev Tr,71026 Road 399,,Indianola,NE,69034,0.00
Pineview Cattle dba Pineview Farms,6261 Wabash Road,,Celina,OH,45822,0.00
Piqua Farmers Coop Assn.,201 S. Washington,,Piqua,KS,66761,"32,972.27"
Pitts Farms II,PO Box 925,,Indianola,MS,38751,"63,167.91"
Plains Grain & Agronomy 109 3rd Avenue,,,Enderlin,ND,58027,"5,168.80"
Platt Mills LLC,110 Mill St,,Spartansburg,PA,16434,0.00
Poinsett Rice & Grain Inc.,6211 Southwest Drive,,Jonesboro,AR,72404,0.00
Pointe Coupee Farmers Elevator,PO Box 180,,Batchelor,LA,70715,"287,688.63"
Port of Houston Authority,PO Box 664101,,Dallas,TX,75266-4101,0.00
Port Terminal Railroad Association,8934 Manchester St.,,Houston,TX,77012,0.00
POSCO International Corp,"165 Convensia-daero Yeonsu-gu, Incheon South Korea 21998",,,,,0.00
Prairie Scale Systems Inc.,PO Box 69,,Horace,ND,58047,"1,841.96"
Precision Logistics LLC 891 230th Street,,,Baldwin,WI,54002,0.00
Premier Ag,200 E. Highway 18,,Colome,SD,57528,"36,861.79"
UNKNOWN,,,Premium Waters 2244 S Calhoun Rd New Berlin,WI,53151,26.81
Prinz Grain & Feed Inc Box 265,,,West Point,NE,68788-0265,"74,213.54"
Producer Ag,PO Box 184,,Yuma,CO,80759,"384,166.09"
UNKNOWN,,,Producer AG LLC 201 N. 8th Street Lincoln,NE,68508,0.00
Producers Coop Mktg Assoc,7351 IH 10 W,,Seguin,TX,78155,"1,321,408.90"
Professional Rail Forwarding Services,6909 Springfield Avenue #305,,Laredo,TX,78041-2326,0.00
PT Brokers Inc,PO Box 1949,,Cleveland,MS,38732,0.00
PT USA LLC,,,2941 N Division Avenue York,NE,68467,"41,665.05"
QFS Transportation LLC,PO Box 205434,,Dallas,TX,75320,0.00
QT Information Systems,PO Box 659,,Schererville,IN,46375-9998,344.10
R&A Farms Trucking LLC,2005 West Street,,Winnsboro,LA,71295,0.00
Rafter H Farm and Ranch LLC,238 Co Rd 435,,Jonesboro,TX,76538,503.75
UNKNOWN,,,Rahr Malting Co 8001 1st Avenue W Shakopee,MN,55379,0.00
Railroad Street Properties,PO Box 367,,Superior,WI,54880,600.00
Ranaya Transport - Rogelio Anaya,PO Box 261,,Gruver,TX,79040,439.04
Rancho La Coyota SPR DE RL Manuel Doblado No.,"118 Int. 2 Col Centro, C.P. 38300 Cortazar, Guanajuato, Mexico",,,,,0.00
Rascon Trucking,107 Larson Lane,,Holcomb,KS,67851,"1,389.05"
Ray-Carroll County Grain Growers Inc.,PO Box 158,807 West Main,Richmond,MO,64085,0.00
UNKNOWN,,,Raymond Rybakowski 41298 Cty Road 48 Middle River,MN,56737,"10,192.00"
Raymond's Trucking LLC,1406 Lomax Road #1,,Hermanville,MS,39086,0.00
UNKNOWN,,,RDH Enterprises Inc. 619 S Kniss Avenue Luverne,MN,56156,495.30
Reading Grain & Lumber Inc.,PO Box 98,,Reading,KS,66868,"24,249.78"
Reed Stenmark 3128 280th,,,Lancaster,MN,56735,223.12
Reed Stenmark 3128 280th,,,Lancaster,MN,56735,"10,586.99"
UNKNOWN,,,Reicksway Logistics LLC 15 W 22nd Street Kearney,NE,68847,708.21
Reliable Belting and Trans Co.,1120 Cherry Street,,Toledo,OH,43608,387.62
Reliant Transportation,PO Box 67009,,Lincoln,NE,68506-7009,0.00
UNKNOWN,,,Remote Software Development 13951 Valley Ridge Drive Omaha,NE,68138,"40,000.00"
Republic Service #259,PO Box 9001099,,Louisville,KY,40290-1099,594.53
Restoration Inc. LLC,311 Locust Street,,Toledo,OH,43604,200.00
Rheard Enterprises Trucking Inc.,FBO Rheard Enterprises Trucking Inc. PO Box 589,,Memphis,TN,38101,0.00
Richard A. Beyer Farms,4913 FM 1095,,Palacios,TX,77465,"81,682.82"
Ringcentral Inc.,PO Box 734232,,Dallas,TX,75373-4232,"4,642.56"
Rios Trucking LLC,2475 Highway 83,,Liberal,KS,67901,354.84
UNKNOWN,,,Riverbottom Farms LLC 2715 Abbott Street  Falls City,NE,68355,951.16
Riverland AG,,,701 Xenia Avenue Golden Valley,MN,55416,0.00
Riverland AG,,,701 Xenia Avenue Golden Valley,MN,55416,"160,170.50"
RJO Brien,"222 South Riverside Plaza, Suite 1200",,Chicago,IL,60606,0.00
Rob Farms,PO Box 40,,Benton,MS,39039,0.00
Robert McCarley,3848 County Highway 157,,Hamilton,AL,35570,"15,116.46"
Rod R Peterson - Peterson Trucking,PO Box 77,,Kilgore,NE,69216,650.00
UNKNOWN,,,Roddie Burnside Trucking LLC 1100 North Y Highway Plattsburg,MO,64477,"1,542.05"
Rodney & Sandra Janczak Farms,7123 Pleak Road,,Richmond,TX,77469,"64,931.96"
Rodney E Krause 50/L Krause,50 PO Box 619,,Plains,KS,67869,0.00
Roger Love,35178 170th Street SW,,East Grand Forks,MN,56721,"32,235.44"
Rogers Mill Inc.,7431 Depot St,PO Box 297,Rogers,OH,44455,0.00
Ross Townsend,5475 Road 14,,Goodland,KS,67735,0.00
Roth Grains,32503 E. State Hwy 2,,Harrisonville,MO,64701,"20,434.42"
Roto-Rooter - Grand Forks,PO Box 12762,,Grand Forks,ND,58208,85.00
Roy Umbarger & Sons Inc.,186 South 600 East,,Franklin,IN,46131,0.00
Royce Ritter,PO Box 30,,Akaska,SD,57420,"12,203.83"
RP Trucking - Richard Allen Pollan,126 Young Road,,Vidalia,LA,71373,941.19
RTD Farms LLC,PO Box 277,,Forest,LA,71242-0277,"23,209.20"
RTEX Railcar Leasing and Sales LLC,PO Box 50456,,Jacksonville Beach,FL,33240,"1,500.00"
Ruben Peregrino dba Double R Livestock,990 Crabapple Ct,,Garden City,KS,67846,64.60
Ryan Daugherty Trucking - Ryan Daugherty,9835 Lindsay Road,,Kearney,NE,68845,560.68
Ryan Ulrich Trucking  FBO Ryan Ulrich Trucking,PO Box 3474,,Omaha,NE,68103,0.00
Ryco Holdings Inc.,,,621 Columbia Street Ext Cohoes,NY,12047,"22,975.45"
UNKNOWN,,,S and D Hauling LLC 716 E Main Street Tchula,MS,39169,"18,156.83"
S and K Trucking LLC,106 Providence Dr,,Madison,MS,39110,898.13
S&B Grain Co. LLC,39315 Country Rd 32,,Otis,CO,80743,0.00
S&N Excavating LLC,12533 Hwy 13 N,,Bankston,AL,35542,"1,789.80"
S&S Grain Inc.,PO Box 24,,Flatonia,TX,78941,758.52
Salley Farms Trucking,FBO Salley Farms Trucking PO Box 3474,,Omaha,NE,68103-0474,0.00
"Sandy Bayou Farms, a Partnership",1290 Matthews Road,,Rolling Fork,MS,39159,0.00
Sapp Bros Petro Sioux City,129 Steuben St,,Sioux City,IA,51101,757.28
Sarrada Farms,PO Box 1463,,Hays,KS,67601,"1,694.75"
Sarrada Farms,PO Box 1463,,Hays,KS,67601,"131,948.50"
Schenk Transport -,6794 Enterprises LLC 300 W Main Street #2,,Irene,SD,57037,0.00
Schmucker Farms - Noah Schmucker,11401 County Road 1,,Edon,OH,43518,0.00
"Schumacher Feedyard Rt. 2, Box 52-1",,,Hereford,TX,79045,239.91
Schumitsch Seed Inc.,420 Wausau Road,,Antigo,WI,54409,0.00
UNKNOWN,,,Schwend Logistics Inc. 28945 Johnston Rd Dade City,FL,33523,"4,695.22"
Scott Ging,14201 S Hwy 95,,Coupland,TX,78615,0.00
Scoular Company,PO Box 25984,,Overland Park,KS,66225-5984,0.00
SD Dept of Agriculture,523 E Capitol,,Pierre,SD,57501-3182,"20,595.46"
Case 25-81226-TLS    Doc,188    Filed 12/10/25    Entered 12/11/25 09:51:22    Desc Main Document      Page 145 of 218,Debtor      Hansen-Mueller Co                                                                            Case number (if known)         25-81226 Name,,,,0.00
Seaboard Overseas Ltd,"43 Circular Rd, 1st Floor","Douglas, Isle of Man IM1 1AD United Kingdom",,,,0.00
Sean Kats,3960 US Hwy 283,,Lenora,KS,67645,0.00
Sean Kats,3960 US Hwy 283,,Lenora,KS,67645,"18,402.06"
Seaway Marine Transport c/o Algoma Central Corp,"63 Church Street, # 600 St. Catherines L2R 3C4",,,,,"366,280.02"
Securitas USA,8330 Ward Parkway,,Kansas City,MO,64114,"9,991.08"
Sedgwick,PO Box 89456,,Cleveland,OH,44101-6456,0.00
Seibert Equity Coop,PO Box 196,,Seibert,CO,80834,0.00
Seley & Co,1515 Hope St.,,South Pasadena,CA,91030,0.00
Selvage Trucking LLC  FBO Selvage Trucking LLC,PO Box 3474,,Omaha,NE,68103,0.00
Seven Valley Grain,PO Box 145,,Callaway,NE,68825,"7,446.00"
UNKNOWN,,,"Shadowbrook Trucking, LLC 914 Mount Zion Road NW Wesson",MS,39191,0.00
Shannon Greer,PO Box 354,,Benton,MS,39039,0.00
SHC Services LLC,"1650 Murfreesboro Road, Suite 125",,Franklin,TN,37067,"1,233,151.60"
Sherman Vomacka,28940 Hwy 251,,Gregory,SD,57533,0.00
Shickley Grain Box 138,,,Shickley,NE,68436,0.00
Shickley Grain Box 138,,,Shickley,NE,68436,"27,195.37"
Showalter and Sons Inc.,1853 CR 140,,Alexander,KS,67513,0.00
Siefker Farms Inc.,1126 US Hwy 59,,Moran,KS,66755,"1,519.66"
Sierra Wireless America Inc. Dept. 3327,PO Box 123327,,Dallas,TX,75312-3327,0.00
Sierra Wireless Communications US Bank Lockbox c/o 516623,16420 Valley View Aenue,,La Mirada,CA,90638,"1,300.29"
SMA Farms Inc.,16457 310th Avenue Lot 6,,Gettysburg,SD,57442,"4,448.73"
SMARTSHEET,,,500 108th Ave NE Bellevue,WA,98004,828.00
Smith & Levy Transport,PO Box 2963,,Palestine,TX,75802,0.00
South Dakota Dept. of Agriculture,523 E. Capitol,,Pierre,SD,57501-3182,"20,595.46"
Southern Land and Farm LLC,704 London Place,,Florence,MS,39073,0.00
Southern Seed & Feed,5069 Magnolia Drive,,Macon,MS,39341,0.00
Southland Transport Services- Stuttgart,1085 Hwy 165 North,,Stuttgart,AR,72160,810.00
Spectrum,PO Box 94188,,Palatine,IL,60094-4188,0.00
Spencer Lambert,4270 Hwy 577,,Pioneer,LA,71266,"30,101.48"
Spies Trucking LLC,PO Box 6,,Augusta,KS,67010,"3,311.15"
Sprocket Trucking LLC,167 County Road 469,,Eddy,TX,76524,0.00
UNKNOWN,,,Sprosty Bag Company 5857 N Apple Creek Rd Smithville,OH,44677,"14,633.85"
SSA Marine,606 Garfield Avenue,,Duluth,MN,55802,"15,025.58"
SSH Trucking LLC,PO Box 120,,Milan,MN,56262,"20,992.13"
Stack Bros Mechanical Contractors Inc.,3119 Hill Avenue,,Superior,WI,54880,"9,601.00"
Stafford County Flour Mills Co.,108 S Church St,,Hudson,KS,67545,"636,240.70"
Staples Business Credit,PO Box 105638,,Atlanta,GA,30348-5638,0.00
Steadham Trucking Co,PO Box 1441,,Mont Belvieu,TX,77580,958.12
Steffen Ag Inc. 71263 637th Avenue,,,Humboldt,NE,68376,"4,797.73"
Stockman Trucking LLC,10636 Cameo Circle,,Glencoe,MN,55336,0.00
Stone Natural Resources LLC,217 Bridgeport Street,,Mount Pleasant,PA,15666,418.08
Stone X Commodity Solutions,1251 NW Briarcliff Parkway Suite 800,,Kansas City,MO,64116,"8,344.89"
Stratford Grain Co.,PO Box 256,,Stratford,TX,79084,0.00
Stumbo Brothers Trucking  FBO Stumbo Brothers Trucking,PO Box 3474,,Omaha,NE,68103,0.00
Sublette Coop Inc.,PO Box 340,,Sublette,KS,67877,"615,050.06"
"Sublette Feeders, Inc.",PO Box 917,,Sublette,KS,67877,0.00
Sun City Forwarding Agency,8513 Edgemere Rd,,El Paso,TX,79925,0.00
Sunflower Commodity Trading,20112 W 54 Hwy,,Pratt,KS,67124,"282,536.14"
Superior Ag,21419 N. County Rd 400 E,,Dale,IN,47523,711.20
Superior Water Light & Power,PO Box 77031,,Minneapolis,MN,55480-0773,"7,314.40"
UNKNOWN,,,Syd Wilson Jr. Trucking LLC 411 North West St Somerville,TN,38068,"2,102.31"
UNKNOWN,,,T&L Commodity Transport LLC 933 Townsend Valley Road Paris,KY,40361,428.74
T.D. Williford Co. FBO TD Williford Co,PO Box 961029,,Fort Worth,TX,76161-1029,"2,189.36"
Tallgrass Commodities LLC,PO Box 110,,Wamego,KS,66547-0110,"10,825.92"
Tate & Lyle Ingredients Americas Inc.,5190 Paysphere Circle,,Chicago,IL,60674,"557,785.16"
TDELVD,12231 Emmet St,,Omaha,NE,68164,"2,372.38"
Tek Xpress LLC 73369 619th Avenue,,,Cook,NE,68329,0.00
"TEMCO, LLC",5500 Cenex Drive,,Inver Grove Heights,MN,55077,"570,191.75"
Tempel Grain,PO Box 36,,Wiley,CO,81092,"181,043.07"
Tennessee Corn Promotion Board,PO Box 280631,,Nashville,TN,37228,0.00
Tennessee Dept. of Agriculture,Division of Consumer & Industry Services PO Box 40627,,Nashville,TN,37204,0.00
UNKNOWN,,,Tennessee Farmer's Cooperative 4201 Lake Guntersville Pkwy Guntersville,AL,35976,0.00
Terry Mohr,,,2564 Rock Creek Road Ottawa,KS,66067,"26,576.41"
Testerman & Son Harvesting Inc.,16947 E 1620 Road,,Hollis,OK,73550,"1,113.89"
Texas Corn Producers Board,PO Box 16190,,Lubbock,TX,79490,0.00
Texas Farm Products,PO Box 630009,915 South Fredonia (75964),Nacogdoches,TX,75963-0009,0.00
Texas Soybean Board,PO Box 15954,,Lubbock,TX,79490,0.00
Thane Sloan,32344 St. Hwy BB,,Cameron,MO,64429,"20,919.11"
The Andersons Inc. - Vermont,PO Box 741671,,Atlanta,GA,30374-1671,"23,175.00"
The Andersons Inc.- Lansing Trade Group,15314 Collections Center Dr.,,Chicago,IL,60693,"324,310.26"
The CIT Group,First Citizens Bank & Trust Company PO Box 8628,,Carol Stream,IL,60197-8628,"21,850.00"
The CIT Group,First Citizens Bank & Trust Company PO Box 8628,,Carol Stream,IL,60197-8628,0.00
The CIT Group,First Citizens Bank & Trust Company PO Box 8628,,Carol Stream,IL,60197-8628,0.00
UNKNOWN,,,The Farm House 1605 W. Main St Milton,WV,25541,0.00
The Hi-Plains Cooperative,PO Box 429,,Colby,KS,67701,0.00
The Hi-Plains Cooperative,PO Box 429,,Colby,KS,67701,"571,354.92"
The Malsam Company LLC,PO Box 1333,,Aberdeen,SD,57402,0.00
The Mennel Milling Co.,319 S Vine,,Fostoria,OH,44830,0.00
The Redwood Group LLC,5920 Nail Ave. Ste 400,,Mission,KS,66202,4.20
The St. Lawrence Seaway Mgmt. Corp,"202 Pitt Street, Cornwall","Ontario, Canada K6J3P7",,,,"1,000.00"
The Wetlands Inc.,,,927 North Trenton Street Ruston,LA,71270,"27,646.95"
Thilges Bros LLC 4208 230th Avenue,,,Buffalo Center,IA,50424,"6,636.30"
Thomas Cabral Gallagher Shart LLP,,,"1215 Superior Ave., 7th Fl. Cleveland",OH,44114,0.00
UNKNOWN,,,Thomas Gates 13820 Vacek Street Santa Fe,TX,77517,0.00
Tim Mehlhaff 33123 114th Street,,,Eureka,SD,57437,0.00
Tim Schmidt 2011 4th Avenue,,,Holdrege,NE,68949,0.00
Tim Schmidt 2011 4th Avenue,,,Holdrege,NE,68949,"59,035.97"
UNKNOWN,,,TM Ag Transport LLC 33748  State Hwy H Oregon,MO,64473,0.00
Toledo Edison,PO Box 3638,,Akron,OH,44309-3638,"16,410.07"
Toledo Metro Development,902 Superior Street,,Toledo,OH,43604,0.00
Town Creek Farms Sheldon Litwiller,10075 Hwy 382,,Prairie,MS,39756,359.42
Townsend Grain,,,993 Townsend Valley Road Paris,KY,40361,0.00
Trans-World Shipping Service I,PO Box 795,,Toledo,OH,43697-0795,0.00
TRC Trading,3721 Douglas Blvd. Suite 375,,Roseville,CA,95661,0.00
Triple T Cattle Co.,5177 Hwy 981,,Morton,MS,39117,"44,745.90"
Troy Owen,,,4149 County Road 166 Bay City,TX,77414,0.00
Two Heart Ranch LLP,,,2313 Whispering Shores Dr Fort Pierre,SD,57532,"22,654.27"
Tyler Narloch,PO Box 328,,Minto,ND,58261,0.00
Tyler Solberg,1126 12th Avenue SE,,East Grand Forks,MN,56721,"4,574.48"
"Tyler Technologies, Inc.",5101 Tenneyson Parkway,,Plano,TX,75024,100.00
UNKNOWN,,,Tyson Elevator 200 N. 10th Street Blair,NE,68008,0.00
UNKNOWN,,,Tyson Elevator 200 N. 10th Street Blair,NE,68008,"32,689.91"
UNKNOWN,,,Union Pacific Railroad 5074 Collection Center Dr Chicago,IL,60693,0.00
United Ag Service Inc. Box 349,,,Gorham,KS,67640,0.00
United Ag Service Inc. Box 349,,,Gorham,KS,67640,"244,461.47"
United Agricultural Cooperative Inc,PO Box 826,,El Campo,TX,77437,0.00
United Agricultural Cooperative Inc,PO Box 826,,El Campo,TX,77437,"7,281.31"
UPS Omaha,PO Box 809488,,Chicago,IL,60680,51.27
USB Joint Venture,7802 FM 361,,Richmond,TX,77469,"46,849.62"
USB Joint Venture,7802 FM 361,,Richmond,TX,77469,"67,847.94"
USDA AMS FGIS,PO Box 790335,,Saint Louis,MO,63179,"1,680.00"
USDA AMS General Lockbox,PO Box 790257,,Saint Louis,MO,63279-0257,0.00
USDA US Warehouse Act,PO Box 790335,,Saint Louis,MO,63179-0035,0.00
UNKNOWN,,,V & S Trucking 850 S Dakota Rd Corsica,SD,57328,0.00
Valero Renewables One Valero Way,,,San Antonio,TX,78269,"132,848.50"
Valero Renewables One Valero Way,,,San Antonio,TX,78269,"221,251.63"
Valley Grain Milling Inc.,PO Box 1075,,Casselton,ND,58012,"202,954.10"
Vaughn Miller Trucking LLC,PO Box 21,,Pleasant Hope,MO,65725,501.42
UNKNOWN,,,Vazquez Trucking LLC 904 N Roosevelt Avenue Liberal,KS,67901,378.66
VCF Distributors Inc.,PO Box 709,,Milan,IL,61264,0.00
Verizon,PO Box 489,,Newark,NJ,07101-0489,766.80
Vic's Crane & Heavy Haul Inc.,PO Box 790335,,Rosemount,MN,55068,"1,120.00"
Virginia Dept. of Agriculture,PO Box 526,,Richmond,VA,23218-0526,0.00
Viserion Grain LLC,385 Broadway Street,,Boulder,CO,80305,"206,673.20"
Viserion Grain LLC,385 Broadway Street,,Boulder,CO,80305,"986,301.90"
Viterra,1331 Capitol Ave.,,Omaha,NE,68102-1106,"17,424.73"
UNKNOWN,,,Viterra - Saginaw 425 South Fairmont Fort Worth,TX,76179,0.00
Viterra Canada Inc.,2625 Victoria Avenue,"Regina, Canada S4T 7T9",,,,"4,646,729.30"
"Viterra USA Ingredients, LLC",1331 Capitol Ave.,,Omaha,NE,68102-1106,"81,180.45"
UNKNOWN,,,VS Trucking Inc. 6709 N 98th Street Lincoln,NE,68507,0.00
Vykukal Farms LLC,4104 Polak Road,,Wallis,TX,77485,0.00
UNKNOWN,,,W & D Eggert Farm LLC 5085 W. Panama Road Hallam,NE,68368,0.00
UNKNOWN,,,Walmsley Trucking Inc 217 E Assaria Road Assaria,KS,67416,0.00
UNKNOWN,,,Walnut Creek Agri Service LLC 4747 SW County Road 10487 Rich Hill,MO,64779,0.00
Walton Gin & Grain Company Box 96,,,Penelope,TX,76676,0.00
Walton Gin & Grain Company Box 96,,,Penelope,TX,76676,"4,008.22"
Waste Management of NE,PO Box 4648,,Carol Stream,IL,60197-4648,"1,625.93"
Waste Management of WI-MN,PO Box 4648,,Carol Stream,IL,60197-4648,875.16
WD McCrea Trucking LLC  FBO WD McCrea Trucking LLC,PO Box 3474,,Omaha,NE,68103,0.00
Wehrle Trucking Inc,,,14832 S 128th Avenue East Lynnville,IA,50153-9709,0.00
Wells Fargo Rail,GE Equipment Services PO Box 60546,,Charlotte,NC,28260-0546,0.00
Wendell Jones Farms,360 Randy Road,,West Monroe,LA,71292,0.00
Wendell Jones Farms,360 Randy Road,,West Monroe,LA,71292,0.00
Wesemann Enterprises dba Wesemann Feeds,13578 Poplar Road,,Genoa,IL,60135,0.00
West Livestock Transportation Inc,PO Box 3106,,Sioux City,IA,51102,0.00
West Plains LLC,14238 Hillsdale Circle,,Omaha,NE,68137,"638,998.28"
Western Stage Haulin LLC,110326 Stongate Road,,Minatare,NE,69356,"1,326.26"
Western's LLC,PO Box 545,,Madison,KS,66860,"129,692.66"
Wheat Quality Council,PO Box 19539,,Lenexa,KS,66285,0.00
Wheeler Coop Merc. Equity Union,1455 Road 19,,Wheeler,KS,67756,"162,993.53"
Wiesner Farms LLC,PO Box 1605,,Dayton,TX,77535,"93,285.77"
Wildcat Trucking LLC - Billy Waggoner FBO Wildcat Trucking LLC - B Waggoner,PO Box 3474,,Omaha,NE,68103,"1,445.43"
Wilkerson Crane Rental,14101 Gibbs Road,,Bonner Springs,KS,66012,985.60
Will Richardson,,,209 Pine Rodge Drive Jackson,AL,36545,"260,048.73"
William Scott Thomas,156 CR 7,,Ashland,NE,68003,0.00
William Wagner 14004 108th St NE,,,Neche,ND,58265,"15,629.78"
"Williams Gin & Grain, Inc. Drawyer Y",,,Frost,TX,76641,"496,532.36"
"Williamson County Grain, Inc.",PO Box 31,,Taylor,TX,76574,"70,348.11"
Willie Dugan,5006 Willis Road,,Tutwiler,MS,38963,716.35
Willow Bayou Rice and Grain LLC,298 Collins Road,,Tallulah,LA,71282,"409,996.55"
Wilmington Farms LLC,FBO Wilmington Farms LLC PO Box 3474,,Omaha,NE,68103,0.00
UNKNOWN,,,Wilson Fertilizer & Grain Inc 1827 E. Lucas St  Rochester,IN,46975,0.00
Winchester Feed & Supply,380 N. Maple St,PO Box 4420,Winchester,KY,40392,0.00
WindRiver Grain LLC,2810 E US Hwy 50,,Garden City,KS,67846,"223,357.20"
Wisconsin Dept of Agriculture Trade & Consumer Protection Lockbox 93598,,,Milwaukee,WI,53293-0598,"3,594.90"
Wisconsin Grain Inspection - Superior,404 Tower Ave,,Superior,WI,54880,0.00
UNKNOWN,,,Woodworth Farmers Grain Co. 303 2nd Street SE  Woodworth,ND,58496,"42,558.71"
Xcel Energy,PO Box 4176,,Carol Stream,IL,60197-4176,70.70
UNKNOWN,,,Yauger Farm Supply 21131 Kanawha Valley Rd Southside,WV,25187,0.00
Zach Litwiller,240 County Road 248,,Houston,MS,38851,"186,517.86"
Zen-Noh Grain Corp.,PO Box 39,,Mandeville,LA,70470,0.00
Zen-Noh Grain Corp.,PO Box 39,,Mandeville,LA,70470,"118,073.49"
ZTERS INC,,,13727 Office Park Dr Houston,TX,77070,841.60
ZTERS INC,13727 Office Park Dr,,Houston,TX,77070,"1,634.75"
